{"cameraMode":{"drawMode":0,"name":"Shaded","section":"Shading Mode"},"sceneLighting":true,"audioPlay":false,"sceneViewState":{"showFog":true,"showMaterialUpdate":false,"showSkybox":true,"showFlares":true,"showImageEffects":true,"showParticleSystems":true},"in2DMode":false,"pivot":{"x":-4.651228427886963,"y":1.6260062456130982,"z":2.3685550689697267},"rotation":{"x":-0.20686288177967072,"y":0.5209335088729858,"z":-0.13180384039878846,"w":-0.817614734172821},"size":2.027313470840454,"orthographic":false}